{"train/loss": 0.3799, "train/grad_norm": 3.0833448117704068, "train/learning_rate": 4.998688922613788e-05, "train/epoch": 0.0, "train/global_step": 13, "_timestamp": 1709840230.7816513, "_runtime": 179.190327167511, "_step": 12}