{"train/loss": 0.5, "train/grad_norm": 38.26317653712166, "train/learning_rate": 4.999969015096865e-07, "train/epoch": 0.0, "train/global_step": 1, "_timestamp": 1709813358.184925, "_runtime": 64.92817616462708, "_step": 0}