{"train/loss": 0.5, "train/grad_norm": 35.388008664328126, "train/learning_rate": 4.999969015096865e-07, "train/epoch": 0.0, "train/global_step": 1, "_timestamp": 1709815023.2561014, "_runtime": 55.945945262908936, "_step": 0, "_wandb": {"runtime": 98}}