{"train/loss": 0.4976, "train/grad_norm": 35.50915924976259, "train/learning_rate": 4.684501176418159e-07, "train/epoch": 0.02, "train/global_step": 102, "_timestamp": 1709821373.6424773, "_runtime": 5556.828299283981, "_step": 101}