{"train/loss": 1.4717, "train/grad_norm": 3.223958218296688, "train/learning_rate": 4.999602171915396e-06, "train/epoch": 0.01, "train/global_step": 93, "_timestamp": 1709852458.2448988, "_runtime": 3289.1132538318634, "_step": 92}