{"train/loss": 1.4678, "train/grad_norm": 3.0461994693840047, "train/learning_rate": 4.999619098382895e-06, "train/epoch": 0.01, "train/global_step": 91, "_timestamp": 1709852380.8379574, "_runtime": 3211.706312417984, "_step": 90}