{"train/loss": 0.5316, "train/grad_norm": 42.214892727197, "train/learning_rate": 4.998481890278841e-07, "train/epoch": 0.0, "train/global_step": 7, "_timestamp": 1709823644.5055318, "_runtime": 332.59603571891785, "_step": 6, "_wandb": {"runtime": 358}}