{"train/loss": 3.3535, "train/grad_norm": 24.932025509294142, "train/learning_rate": 4.996897229013969e-05, "train/epoch": 0.0, "train/global_step": 20, "_timestamp": 1709830649.484525, "_runtime": 257.50508999824524, "_step": 19}