{"train/loss": 4.2832, "train/grad_norm": 33.457408646806094, "train/learning_rate": 4.9958968591686896e-05, "train/epoch": 0.0, "train/global_step": 23, "_timestamp": 1709831578.410276, "_runtime": 298.24500703811646, "_step": 22}