{"train/loss": 0.125, "train/grad_norm": 4.092592497976336, "train/learning_rate": 4.986326431264969e-05, "train/epoch": 0.0, "train/global_step": 42, "_timestamp": 1709843325.7750978, "_runtime": 832.4154019355774, "_step": 41}