{"train/loss": 0.7695, "train/grad_norm": 3.796297382640597, "train/learning_rate": 4.9999998160071084e-05, "train/epoch": 0.0, "train/global_step": 2, "_timestamp": 1709846139.966377, "_runtime": 56.953392028808594, "_step": 1}