{"train/loss": 0.5, "train/grad_norm": 3.15681730718333e-16, "train/learning_rate": 0.004998882854526872, "train/epoch": 0.0, "train/global_step": 12, "_timestamp": 1709826113.124019, "_runtime": 242.88706994056702, "_step": 11}