{"train/loss": 1.0596, "train/grad_norm": 5.029580354571425, "train/learning_rate": 4.916552125781528e-07, "train/epoch": 0.01, "train/global_step": 104, "_timestamp": 1709845479.8734953, "_runtime": 74.4416913986206, "_step": 3, "_wandb": {"runtime": 87}}